The early bird gets the worm,"The early bird gets the worm, but the second mouse gets the cheese."
in your prime,Be on the alert to recognize your prime at whatever time of your life it may occur.
road to glory,"“Your road to glory will be rocky, but fulfilling.”"
courage,"“Courage is not simply one of the virtues, but the form of every virtue at the testing point.”"
patience,“Patience is your ally at the moment. Don’t worry!”
nothing is impossible,Nothing is impossible to a willing heart.
pursuing happiness,“Don’t pursue happiness – create it.”
be brave,“Courage is not the absence of fear; it is the conquest of it.”
scared,Nothing is so much to be feared as fear.
finding it challenging,All things are difficult before they are easy.
random act of kindness,The real kindness comes from within you.
good idea?,"“A ship in harbor is safe, but that’s not why ships are built.”"
how to let go?,“You don’t need strength to let go of something. What you really need is understanding.”
this too shall pass,"“If you want the rainbow, you have to tolerate the rain.”"
anxious,Fear is interest paid on a debt you may not owe.
ignoring the future,Hardly anyone knows how much is gained by ignoring the future.
am I dumb?,The wise man is the one that makes you think that he is dumb.
is this useful?,The usefulness of a cup is in its emptiness.
am I being unreasonable?,He who throws mud loses ground.
success,Success lies in the hands of those who want it.
judging me,"“To avoid criticism, do nothing, say nothing, be nothing.”"
worth it,One that would have the fruit must climb the tree.
taking a long time,It takes less time to do a thing right than it does to explain why you did it wrong.
am I too old?,Big journeys begin with a single step.
scared,Do the thing you fear and the death of fear is certain.
failed,"“People learn little from success, but much from failure.”"
not learning fast enough,"“Be not afraid of growing slowly, be afraid only of standing still.”"
looking forward,We must always have old memories and young hopes.
won't learn,A person who won’t read has no advantage over a person who can’t read.
didn't say thank you,He who expects no gratitude shall never be disappointed.
learn while doing,“I hear and I forget. I see and I remember. I do and I understand.”
enemy,The best way to get rid of an enemy is to make a friend.
give back,It’s amazing how much good you can do if you don’t care who gets the credit.
lying,Never forget that a half truth is a whole lie.
happiness,"“Happiness isn’t an outside job, it’s an inside job.”"
subconscious mind,"“If you do not run your subconscious mind yourself, someone else will.”"
want to give up,"“Never give up. You're not a failure if you don't give up.”
"
revenge,The best revenge is a life well lived.
good day,It is a good day to have a good day.
kept it a secret,"“You think it’s a secret, but they know.”"
homework,The road to riches is paved with homework.
great opportunity,Do not mistake temptation for opportunity.